,tgde,tgdu,Qe,Qu,Qf,ReRefIndx,ExtCoeff,AtnuCnstNm,AtnuCnstdB,PhsCnst,PhsVel,Res,React,Condt,Skd,Eddy
1.0,0.3008435192816933,0.06254171036323769,0.30084351928169334,0.06254171036323769,0.051777746349122244,3.482349324573187,0.6241357851904733,72.98464496603516,647.0731041114718,13.080918784133576,480332108.99533594,1311.9065526271584,235.13086999703435,0.19087512104766657,13.701512153212086,0.05962599901157181
1.1,0.30081293566042105,0.047728140511645666,0.30081293566042105,0.047728140511645666,0.041192396083133,3.454755418179859,0.5928445322705538,79.64695139778145,706.1403134585627,13.667612879255648,505684781.89689213,1301.5110916219865,223.34250647592563,0.20651731218289604,12.555408367178945,0.04141773448544349
1.2000000000000002,0.3010426660391362,0.036356678147722914,0.3010426660391362,0.036356678147722914,0.032439041469670964,3.4270614715907826,0.568458802431608,86.19107670187135,764.1597431095872,14.296818615130803,527377633.5551923,1291.0779424425114,214.15566282972432,0.2220471256601494,11.602129109709663,0.028987018551252478
1.3000000000000003,0.3014456016605132,0.030167491435097043,0.3014456016605132,0.03016749143509704,0.027423095757016076,3.41266491899367,0.5558840070824775,92.98141816680631,824.3620956967247,15.145607477342736,539307578.8840228,1285.6543246698434,209.4183562361385,0.23737610579814825,10.754837038579314,0.022083900497128224
1.4000000000000004,0.30083869164103993,0.02884066247858362,0.3008386916410399,0.02884066247858362,0.026317653980144955,3.387785158649043,0.5485591774482766,99.4038172427494,881.3023152161471,16.09573029821232,546508873.2897323,1276.2813647563773,206.65887087199758,0.2514377774961977,10.059975841349702,0.019608293545581856
1.5000000000000004,0.2997314234556849,0.02431350114416479,0.2997314234556849,0.02431350114416479,0.022489228356626804,3.3667628590252416,0.5355896273377778,105.843197672698,938.3930893824198,16.837692813972573,559742837.9824303,1268.3616272294319,201.7728481934212,0.2654171130884036,9.447938289736191,0.01545480621927586
1.6000000000000005,0.30027640106748,0.017404464623533882,0.30027640106748,0.017404464623533882,0.0164509435854539,3.36283698371889,0.5239268833220612,112.76776243139594,999.7854495852647,17.56911280443523,572202854.1446607,1266.8826309946612,197.37913898456486,0.2804323259041322,8.867782586431701,0.010289245544559851
1.7000000000000006,0.3007590590368534,0.018809367064798195,0.3007590590368534,0.0188093670647982,0.017702273057752026,3.3523343101125236,0.5254622695851813,119.44154398804172,1058.9543960126994,18.721887192870096,570530893.1822392,1262.9259554747562,197.95756553275382,0.2949140230069938,8.372296326813377,0.01040565556995048
1.8000000000000007,0.2993587119661618,0.022999252056843677,0.2993587119661618,0.022999252056843677,0.02135832596160231,3.3435122359710294,0.5290535625888847,126.1347025606996,1118.2951367388555,19.958656958958905,566658045.988742,1259.602412718055,199.3105144717693,0.3075854384313679,7.928032331298928,0.011945925816942815
1.9000000000000008,0.29869274621584435,0.02026646650403463,0.29869274621584435,0.02026646650403463,0.01897874804919923,3.3239254710578217,0.520261066337825,132.36222038524383,1173.5075624691256,20.717344753988687,576234658.707545,1252.2234846326153,195.9981146030029,0.3212170708738946,7.5550258758841675,0.010008032762162658
2.000000000000001,0.30044847488837634,0.01829664716262655,0.30044847488837634,0.01829664716262655,0.0172463807452472,3.3296889558159353,0.5205526606238996,139.57024045388647,1237.4130034353032,21.819954048646075,575911873.4321496,1254.394764052167,196.10796700979924,0.3376670459664579,7.164851165606443,0.008496631913544418
2.100000000000001,0.30059482085277683,0.025055268975681562,0.3005948208527769,0.02505526897568156,0.023127535733616627,3.322885259459304,0.5312218816388589,146.24930312064257,1296.6287715512426,23.380533459876773,564345085.0991267,1251.8316053910398,200.12738598714952,0.3506950657411425,6.837639418870185,0.010990309934239374
2.200000000000001,0.29939498877558207,0.02750673729207332,0.29939498877558207,0.02750673729207332,0.025192217250969144,3.298811311027819,0.529655412287164,152.10353982066232,1348.5317316252138,24.42166450222001,566014150.0403684,1242.7622192522026,199.53724949725844,0.3640045859858069,6.574468951735443,0.011618866653180808
2.300000000000001,0.30191089259465764,0.025631603123564557,0.30191089259465764,0.025631603123564557,0.02362582040140716,3.307136305269035,0.5317274411091885,159.4186387332171,1413.386520772055,25.631621141127383,563808513.2011056,1245.8984969422568,200.31784556487997,0.3810748634973973,6.27279224026918,0.010238103142962812
2.4000000000000012,0.30218132103577044,0.028118373743892353,0.30218132103577044,0.028118373743892353,0.02572465993035511,3.290289757212783,0.533631901613233,165.50249780239253,1467.325285216276,26.84183434921691,561796356.4278889,1239.5518916122894,201.03531356754277,0.3954536404679539,6.042204880762494,0.010801133087448274
2.5000000000000013,0.3044272302877956,0.02983567428623882,0.3044272302877956,0.029835674286238817,0.027172598461989304,3.2881071711904917,0.5396453179953852,172.28407615958054,1527.449945141702,28.275323833504025,555536104.9246863,1238.7296452959558,203.30074980616246,0.41266800616477095,5.804366963512844,0.010955907201409643
2.6000000000000014,0.3056215278494868,0.032299622710959805,0.3056215278494868,0.032299622710959805,0.02921231780110116,3.2733781913562487,0.5432035655688419,178.37282807029914,1581.4320889319038,29.600232708900407,551897073.2197936,1233.1807921060408,204.64124952988266,0.4281043570353908,5.606235046101789,0.011431795170615265
2.7000000000000015,0.3074189571397491,0.029243542435424423,0.3074189571397491,0.02924354243542442,0.02670335819972366,3.264969933333295,0.5394431161581562,184.75751650315962,1638.037970415033,30.52590757990673,555744338.9677172,1230.0131464253923,203.22457424464082,0.44571148821008494,5.412499685678004,0.009991643581872493
2.8000000000000016,0.31074817461226795,0.028048556189074775,0.31074817461226795,0.028048556189074772,0.025726451420144795,3.262311347517547,0.5420957924036669,191.44437193703186,1697.322828269092,31.81216550204499,553024875.3097906,1229.0115765576627,204.2239177981226,0.46472723438475794,5.223449453655973,0.009212195600605235
2.9000000000000017,0.3127767136621975,0.028402257378110727,0.3127767136621975,0.028402257378110723,0.02603784370480394,3.2449987725163814,0.5428914750047432,197.22942118491562,1748.61238069492,32.99667546511223,552214340.8079501,1222.4894047506566,204.52367555384154,0.48211517349389477,5.070237462505322,0.00906085840921541
3.0000000000000018,0.3131763074401699,0.026796476587853512,0.3131763074401699,0.026796476587853515,0.02468439235271017,3.2358143945204785,0.5392917538642082,203.45296472146032,1803.7895708647006,33.908158131476796,555900318.9866809,1219.0293711493157,203.1675514801956,0.4975214828123821,4.91514095834908,0.00828202027131927
3.100000000000002,0.31559895614108924,0.02034720925891362,0.31559895614108924,0.02034720925891362,0.019114842388069684,3.224539820258979,0.5303877189715213,209.50220764161742,1857.4214326856631,34.459924275833906,565232653.9184009,1214.7818972536418,199.81313162400596,0.5172443181122417,4.773219391132329,0.006126204862770333
3.200000000000002,0.3196232637787784,0.01778067398994581,0.3196232637787784,0.01778067398994581,0.016843659532949626,3.222940005109089,0.5319286667708141,216.15304850421808,1916.386989672577,35.67488154512019,563595227.5705571,1214.179198390744,200.3936533714606,0.5382912070060782,4.626351591707881,0.005172649992420464
3.300000000000002,0.3193526134253119,0.016794895852880354,0.3193526134253119,0.016794895852880354,0.015955774577477235,3.2040827055136196,0.5267906356148289,221.60360601298262,1964.7109784783825,36.43436053171537,569092230.8254505,1207.0750820031149,198.4580012834939,0.5524324331847748,4.5125619478476136,0.004775157046031815
3.400000000000002,0.32013110302618875,0.011796904492261253,0.32013110302618875,0.011796904492261253,0.011377635998951606,3.1969976926915185,0.5185842044209361,227.8139977802302,2019.7715666397876,36.953652192145356,578097935.5797304,1204.4059429017693,195.36638988742254,0.5708751645687766,4.3895459003563495,0.0032745166023419622
3.500000000000002,0.32313931703993864,0.0060417256678938725,0.32313931703993864,0.0060417256678938725,0.0059308369947618485,3.192992524681499,0.5129735106922563,234.220612079393,2076.571840222449,37.62895425721053,584420933.5398839,1202.897074701891,193.25267148028334,0.5910925728287396,4.269479065578708,0.001629573618128918
3.6000000000000023,0.32443187880081087,0.003894376899695825,0.3244318788008109,0.003894376899695825,0.0038481845188747224,3.1803881098276476,0.5093543159069938,239.96162116283747,2127.4709378351777,38.430997466518,588573510.889306,1198.1486095430068,191.88921109435498,0.6090223725263358,4.1673330724891295,0.0010275183900328815
3.7000000000000024,0.32513147205951515,0.004002668445630351,0.3251314720595152,0.004002668445630351,0.003953991165719322,3.1722868627573235,0.5092626234298991,245.99900029196837,2180.9976167085565,39.49141476471952,588679483.2514681,1195.0966241947788,191.85466775871708,0.6261249168902162,4.06505717020448,0.001030975204996471
3.8000000000000025,0.32532428614238623,-0.0008633921719108521,0.32532428614238623,-0.0008633921719108521,-0.0008656896630919767,3.16106986533613,0.49985830345827625,251.75427656963578,2232.0232055532024,39.809770405401196,599754882.3854319,1190.8708412402013,188.31177534792008,0.6426032645597932,3.9721271615554774,-0.00021796667909855088
3.9000000000000026,0.327884471278395,-0.005002405002405069,0.327884471278395,-0.005002405002405068,-0.0050799071569740915,3.157964262740838,0.4964130384551633,258.1255435031014,2288.510093633277,40.57578702364838,603917372.7848762,1189.7008666009917,187.0138395833411,0.6645475057423208,3.8740838524877907,-0.0012339278011877174
4.000000000000003,0.3303775128061643,-0.0037601234091787813,0.33037751280616423,-0.003760123409178781,-0.003803411147404714,3.1464722050731737,0.5002370011285051,263.78072430847783,2338.6482480320474,41.93676914444863,599300846.046346,1185.3714601135405,188.45444223993232,0.68316714848888,3.7910275764902064,-0.0009063159007854752
4.100000000000003,0.3298335164006808,-0.004085603112840396,0.3298335164006808,-0.004085603112840396,-0.004136845659959651,3.1313925931106428,0.4965297495500154,269.0794566999399,2385.626173566863,42.66662555765795,603775419.8448123,1179.690513172026,187.05780819068912,0.6986268650111583,3.7163743834786156,-0.0009693468522445653
4.200000000000003,0.33105702634474715,-0.007399474247882287,0.33105702634474715,-0.007399474247882288,-0.007568641377740227,3.128334988051886,0.49250069793818557,275.3732230916446,2441.4259511437504,43.35261571542198,608714788.1313813,1178.5386206598005,185.53994231401393,0.7170217524417642,3.6314351438127974,-0.0017152950859985548
4.3000000000000025,0.335416576404835,-0.00909713391372404,0.335416576404835,-0.009097133913724038,-0.009350743826797122,3.1162920509062695,0.4941602134344746,280.8444028190987,2489.932774065791,44.53437860504866,606670569.2803663,1174.0016811739415,186.16513210712426,0.7407918524038848,3.5606905103397537,-0.002069463501981177
4.400000000000003,0.3368399272545114,-0.007357990777985049,0.33683992725451145,-0.007357990777985049,-0.007522309431893319,3.103228018458777,0.49689010308878906,286.1709397565838,2537.1572113691013,45.82180455669068,603337551.1736249,1169.0800641349329,187.1935642923081,0.7571383510391045,3.494414914563293,-0.001640606917845813
4.5000000000000036,0.3376005413133398,-0.008183790179451656,0.3376005413133398,-0.008183790179451656,-0.00838710231057661,3.0925171841085897,0.49494861754218616,291.66465355263114,2585.8638186392013,46.68010182889463,605704203.1730651,1165.044968152758,186.46214783375638,0.774421144715778,3.4285950930956712,-0.001793157207531201
4.600000000000003,0.3400687782012529,-0.010845986984815535,0.34006877820125286,-0.010845986984815537,-0.011203299530645488,3.0884033945444997,0.4935808621026421,297.74948449079943,2639.811199557289,47.58557366734837,607382662.1293452,1163.4951789207657,185.94687289827897,0.7946246448497538,3.3585280649945184,-0.0023248109421895023
4.700000000000003,0.34389265305671296,-0.01203986973255707,0.34389265305671296,-0.01203986973255707,-0.01247668530398275,3.074155673966771,0.49481931831941495,302.81883170142555,2684.755423605035,48.742036438067736,605862477.2739339,1158.1276306814134,186.41343689703152,0.8135202248158974,3.3023045310008454,-0.002528051328513129
4.800000000000003,0.3459552495697076,-0.009699129057799115,0.3459552495697076,-0.009699129057799113,-0.009978895279858147,3.0625504643116566,0.49952602180021355,308.0942949649633,2731.527047843969,50.25259805401467,600153835.6692508,1153.7555964102614,188.18659477472076,0.8319507170490312,3.245759549405875,-0.0019998534115612445
4.900000000000004,0.3452807912499167,-0.010676156583629678,0.3452807912499167,-0.010676156583629678,-0.011016798366765336,3.059810026993387,0.4965987125328436,314.23149304640486,2785.93870957026,50.998903038909184,603691573.163659,1152.7231906003296,187.0837886368272,0.8450577349793232,3.18236721057212,-0.0021538231178794697
5.0000000000000036,0.34762075696049166,-0.014137419673751822,0.3476207569604917,-0.014137419673751823,-0.014736749873149262,3.050310265124759,0.49291027938710524,319.64887922849226,2833.9686053743053,51.65317776611389,608208979.4774987,1149.1443423337564,185.69424406165322,0.8619978324316732,3.1284326803009916,-0.0027953375528921025
5.100000000000003,0.35206343119452305,-0.012911492213680485,0.35206343119452305,-0.012911492213680485,-0.01340303188078334,3.0474913238998838,0.5005634218009388,325.74054555246227,2887.9765880026644,53.5042711433825,598910038.0555168,1148.082361722481,188.57741480217842,0.885649991485423,3.0699279339143386,-0.0024952347131257132
5.200000000000004,0.35119965529753294,-0.011323355651831448,0.35119965529753294,-0.011323355651831448,-0.01170060579652092,3.0402384660740798,0.5006510367476263,331.33717004270386,2937.5955891382077,54.56292312132801,598805227.5843437,1145.3499903202778,188.6104220085079,0.8960148832960884,3.018073703807866,-0.002144120120700048
5.300000000000004,0.3526396952104498,-0.013986013986013754,0.35263969521044974,-0.013986013986013752,-0.014563620544164043,3.0408710423638814,0.49859897341170073,337.77930513637443,2994.7107858224795,55.38426734788203,601269705.6888179,1145.5883009842228,187.8373475447228,0.9169905625848697,2.9605129289855747,-0.0025991042680969362
5.400000000000004,0.35653462524935875,-0.014801019407959345,0.35653462524935875,-0.014801019407959345,-0.015442074814188435,3.0413398032580474,0.5028071487973262,344.20555188298204,3051.685118328293,56.90551642966415,596237461.4543154,1145.7648974228202,189.42269477684837,0.9396096260402946,2.9052407624731322,-0.0026866590080302584
5.5000000000000036,0.3585933573941251,-0.013249582883501865,0.3585933573941251,-0.013249582883501865,-0.013757921123667203,3.0365783283747283,0.507288038844854,350.03086653097955,3103.331658959681,58.475841099974055,590970878.5617293,1143.9711054974907,191.11078188903775,0.9606815495609082,2.8568909076808366,-0.0023643292469600645
5.600000000000004,0.3619711071775254,-0.014587820638339528,0.36197110717752545,-0.014587820638339528,-0.015200413469435216,3.041703114258628,0.5107266346007735,356.99654649533716,3165.08854164208,59.94261698354538,586992018.2140937,1145.9017676899527,192.406205146031,0.987463593286807,2.8011475455913444,-0.0025503896329861523
5.700000000000005,0.36644642081437645,-0.015375575359905984,0.36644642081437645,-0.015375575359905984,-0.016048967413701026,3.0411393640749522,0.5155794135981454,363.30413744369446,3221.010886079302,61.592749202395154,581467083.6211184,1145.6893859065428,194.23439409886788,1.016512661548611,2.7525147581204794,-0.002641728881977292
5.800000000000004,0.37266534074023294,-0.016761419329543302,0.37266534074023294,-0.016761419329543302,-0.017550804219788992,3.0419863530645146,0.5221188774893611,369.7808533850827,3278.4326724097373,63.46825451467855,574184291.9788103,1146.0084723340788,196.69800838047246,1.0519961852171107,2.704304430166424,-0.0028326797533856276
5.900000000000004,0.3812012534022556,-0.01824602707474992,0.3812012534022556,-0.018246027074749916,-0.01916326832067733,3.042774779240087,0.5316403833227518,376.25387806543756,3335.8217324628017,65.73991520047295,563900838.620079,1146.305496374343,200.28504825770645,1.0940949699301394,2.657779914832084,-0.0030336933115774163
6.000000000000004,0.38841972765762733,-0.02044226044226066,0.3884197276576273,-0.02044226044226066,-0.021577889792480185,3.0416829216488823,0.537865202304889,382.4937605815957,3391.143782065158,67.6369264039042,557374704.1364884,1145.8941605217537,202.630126264085,1.1330338284188881,2.6144217319505123,-0.003348445608887902
6.100000000000005,0.3966957277865501,-0.02270259599249839,0.3966957277865501,-0.02270259599249839,-0.024080717195757346,3.0383276133610133,0.5449701515789963,388.43969201478217,3443.8596966400173,69.67255173724472,550108032.7635953,1144.6301141787064,205.30677603124394,1.1766230079126998,2.5744022059464116,-0.0036736127213015035
6.200000000000005,0.4092038234789082,-0.028562927700089325,0.40920382347890816,-0.028562927700089325,-0.030706262396512998,3.0357660580223236,0.5521978169464312,394.4747011919903,3497.365363804043,71.75390483834542,542907720.3850715,1143.6650986330142,208.02965667070893,1.232956481411057,2.535016813444017,-0.004569001113354211
6.300000000000004,0.4209612709652952,-0.032286906417643986,0.4209612709652952,-0.032286906417643986,-0.03496895705207397,3.031567861137143,0.5613191664994432,400.2828738597984,3548.85992569611,74.11559279253733,534085553.9809852,1142.083510604489,211.4659455470025,1.2834401971192206,2.49823328776803,-0.005091303179593094
6.400000000000005,0.4297204489410253,-0.0364000000000002,0.42972044894102523,-0.0364000000000002,-0.03976865271960157,3.022063118094408,0.564732334603306,405.3616602932446,3593.8878367606717,75.74985294166342,530857610.99652296,1138.5027857786333,212.75178943666577,1.3277742958409036,2.4669328600948233,-0.005687500000000028
6.500000000000005,0.4415849578959515,-0.04355260510963606,0.4415849578959515,-0.043552605109636065,-0.0483181207732691,3.01786693663586,0.5683698771398038,411.1237907439548,3644.9741938810143,77.4289865459986,527460145.3346534,1136.9219570224154,214.12216197666834,1.3842841243767787,2.432357412813391,-0.006739489827095004
6.600000000000005,0.4523610336493779,-0.049238220159419276,0.4523610336493779,-0.049238220159419276,-0.0552522740490482,3.0077462132281205,0.5716170774111794,416.04881526702,3688.6388702995678,79.06937320621616,524463788.5168559,1133.1091737205654,215.3454807527743,1.4294838648599033,2.4035641090774416,-0.007527329621421447
6.700000000000005,0.461846968160144,-0.05461928934010172,0.461846968160144,-0.05461928934010172,-0.06194508501455558,2.9984841025922875,0.5737099384695016,421.0519846478935,3732.9963696500663,80.56127694522925,522550574.59831154,1129.6198558774176,216.13392495530636,1.4765634276514488,2.375003649101082,-0.008276276890688944
6.800000000000005,0.4719215750653742,-0.06192707272356933,0.4719215750653742,-0.06192707272356933,-0.07128076481994068,2.9910970874538,0.5738292137688796,426.2835639821673,3779.3789242382177,81.78068287670092,522441958.0017182,1126.8369433487542,216.1788595762292,1.5224724825599185,2.3458563371723917,-0.009275740944539037
6.900000000000006,0.47770986241238544,-0.06578005115089547,0.4777098624123854,-0.06578005115089548,-0.07628430457252432,2.978648023064598,0.5728092398928589,430.7521395587451,3818.9967790710875,82.83583818305894,523372245.280252,1122.1470034191138,215.79460449819388,1.5540361400001985,2.3215206801395865,-0.009752778257295737
7.000000000000005,0.48552177368652094,-0.07188334360238259,0.4855217736865209,-0.07188334360238259,-0.08437544953752776,2.970230178221105,0.5716009898656464,435.75994931527555,3863.3954194353155,83.85909624067988,524478549.39940816,1118.9757460925587,215.33942008670286,1.5938879278787428,2.2948414639099672,-0.010545336913179966
7.100000000000005,0.4899376924729642,-0.07652693377278832,0.48993769247296415,-0.07652693377278831,-0.09069292115801753,2.960004219946694,0.5680204064135685,440.46341776251904,3905.0958062723626,84.52427462156832,527784661.6336612,1115.1233176264006,213.99050576042828,1.6212791475228774,2.2703361043689707,-0.011101494877380833
7.2000000000000055,0.496894335315673,-0.08166425769151388,0.49689433531567295,-0.08166425769151389,-0.09772535572772696,2.951426816685166,0.5671229710109902,445.37279050111016,3948.6217158479826,85.57933360520394,528619846.70726794,1111.8919498070038,213.65241463990392,1.6566514061834818,2.2453100443672196,-0.011709950457062001
7.300000000000006,0.49601675625938346,-0.08206875193558415,0.4960167562593835,-0.08206875193558415,-0.09833958782297247,2.940074049557098,0.5632560224969392,449.8215879481507,3988.0642201577507,86.17630515091963,532249005.8268824,1107.6150182881972,212.19561791406795,1.6638218796174173,2.2231036188402467,-0.011605548452251934
7.400000000000006,0.5004249326178272,-0.08729911871435933,0.5004249326178272,-0.08729911871435933,-0.10574661308972792,2.933295023267564,0.5594313483585502,454.9321511598919,4033.3738603254624,86.76362408699293,535887841.96601236,1105.0611535891805,210.7547472270265,1.696864805337688,2.1981299792736277,-0.012231392643486933
7.500000000000005,0.510680160848019,-0.09285051067780942,0.510680160848019,-0.09285051067780942,-0.11348384134167687,2.927854571685967,0.562431971835185,460.2247071799884,4080.2970268929157,88.40776862679314,533028833.7304038,1103.0115705594762,211.88517304995756,1.732729967983281,2.1728516187830653,-0.012772173826859164
7.600000000000006,0.5024953251352937,-0.0874587458745879,0.5024953251352937,-0.0874587458745879,-0.10588852438611278,2.912875833325478,0.5577953929279112,463.9751599277309,4113.548090900071,88.84800501270148,537459544.8455861,1097.368625761679,210.13843322483365,1.7156240856691614,2.155287796346168,-0.011868533127413873
7.700000000000006,0.5090235315916237,-0.09468989836133485,0.5090235315916237,-0.09468989836133485,-0.11632989118976274,2.9137459979736104,0.554982522884496,470.22052347151663,4168.91873463565,89.5631165550396,540183601.533689,1097.6964431623326,209.07873981165278,1.7652282514898903,2.126661747167602,-0.012753981951437404
7.800000000000006,0.5233793634950916,-0.10070834616569203,0.5233793634950916,-0.10070834616569203,-0.12470377185518229,2.9036844103892423,0.5611552237460861,474.6824563129741,4208.477695776071,91.73536181397256,534241588.26979285,1093.905938117758,211.40418334214058,1.7976130446884597,2.1066714952293633,-0.013254621118467287
7.900000000000006,0.5178776656876533,-0.09281192566877752,0.5178776656876533,-0.09281192566877751,-0.11307715228046387,2.8907267603669378,0.5638925900395682,478.62270795246747,4243.411493981623,93.36468674223977,531648160.1202875,1089.0243985631375,212.43543220394167,1.782379196132214,2.089328365296264,-0.011995451318525856
8.000000000000007,0.5161889731711035,-0.09610443005447511,0.5161889731711035,-0.09610443005447512,-0.11809062694611196,2.8866704548998956,0.556218603780902,484.0011122333558,4291.095780927465,93.25983934808954,538983155.1159158,1087.4962653330451,209.54440895521898,1.8050744761180402,2.066110954550578,-0.012347675770181279
8.100000000000007,0.5338605133523454,-0.10443037974683554,0.5338605133523454,-0.10443037974683554,-0.12982613882527658,2.880153652492702,0.5633460765524585,488.94481129765586,4334.926023587662,95.63557168445705,532163922.81394273,1085.0411883194197,212.22954400663218,1.8557567998653026,2.045220599326962,-0.013161126454591636
8.200000000000006,0.533554353975085,-0.09947325769854266,0.533554353975085,-0.09947325769854266,-0.12226837382324222,2.86785066570653,0.5678922439982662,492.86678439659187,4369.697766446056,97.59755887227644,527903772.5349094,1080.4062802509586,213.9422230935375,1.8501101007145273,2.028945815904966,-0.01228817370865895
8.300000000000006,0.530789622927685,-0.09994921279837446,0.530789622927685,-0.09994921279837446,-0.12313609337908982,2.8595131378938867,0.5623407648283629,497.42699914660824,4410.128083193931,97.82206468630021,533115286.58517647,1077.2652807846116,211.85081260568765,1.858312000771661,2.0103452400364517,-0.012231664632940006
8.400000000000006,0.5489128984927302,-0.11079574252407494,0.5489128984927302,-0.11079574252407494,-0.13881495244138609,2.8577909708216334,0.5669103746710371,503.116906317899,4460.574117385735,99.80512807835277,528818083.76493645,1076.6164882436494,213.57232315411275,1.9230865940941433,1.9876096140727597,-0.013370470702589106
8.500000000000007,0.5552947879642958,-0.11274411113348197,0.5552947879642958,-0.11274411113348197,-0.14146677558923743,2.8469511190884087,0.5691505200548831,507.1753081079034,4496.555420647699,101.39235915685028,526736684.6490645,1072.5327875023208,214.41625382676727,1.935624491509044,1.9717048208254775,-0.013352137179914719
8.600000000000007,0.5643642714843229,-0.11893962302187326,0.5643642714843229,-0.11893962302187326,-0.15069950423504308,2.843085926248996,0.5695485264971853,512.445403753847,4543.279456233157,102.65694818563763,526368595.56774145,1071.0766521923417,214.5661949185353,1.9788259124503322,1.9514273963131294,-0.013940317229587358
8.700000000000006,0.5717537977565306,-0.12523871745904175,0.5717537977565306,-0.12523871745904175,-0.16036571997894722,2.8370839593711543,0.5674316897399214,517.3096815003095,4586.405559019964,103.46465275479703,528332244.0757722,1068.81552932907,213.7687183434255,2.005659138079864,1.9330780686334434,-0.014469047020152387
8.800000000000008,0.5900467648495845,-0.13632250929928624,0.5900467648495846,-0.13632250929928624,-0.17728092471200127,2.8327259746543065,0.5706565670183721,522.4520076628564,4631.996805697966,105.24867982019535,525346548.74189556,1067.1737443806335,214.98362737140945,2.06929771567171,1.914051406316559,-0.015573735034236693
8.900000000000007,0.6053427561837477,-0.14772499498897707,0.6053427561837477,-0.14772499498897707,-0.19541255433439583,2.831288494236552,0.5705040031378195,528.1208287755732,4682.255893424779,106.41622977321167,525487036.63973707,1066.6322019322588,214.92615193286605,2.1205397024087,1.8935060795054413,-0.01663491084756993
9.000000000000007,0.6123511160044053,-0.1535767883941981,0.6123511160044052,-0.1535767883941981,-0.20498731534398804,2.8231492497387856,0.5679695733933874,532.5194971162497,4721.253959093016,107.1338582714897,527831898.1223974,1063.5659018012796,213.97135542080127,2.144265852692697,1.8778655155638344,-0.017072623911310984
9.100000000000007,0.6376920411227914,-0.1712479935794548,0.6376920411227914,-0.17124799357945478,-0.23411914706387002,2.8252559990293995,0.5698718277398993,538.8381836387455,4777.2746755590815,108.68703603204493,526069974.69759315,1064.3595781219162,214.68799229704524,2.2358280529914687,1.8558447236367945,-0.018878873227234253
9.200000000000006,0.6560476030351343,-0.18540789737422472,0.6560476030351343,-0.18540789737422475,-0.258449096396006,2.8245873545334934,0.5685868477115131,544.630555838136,4828.629152394214,109.63363211775048,527258868.55565685,1064.1076794713797,214.2039013681602,2.2966855617109334,1.8361070440880654,-0.020197466750135583
9.300000000000008,0.6776234111735158,-0.2014475271411347,0.6776234111735158,-0.2014475271411347,-0.2866704616745404,2.823430406426544,0.5675813068926415,550.3249482786564,4879.114952444775,110.62930846415092,528192973.16411793,1063.6718220483906,213.82508366026886,2.372094308163186,1.8171082432803884,-0.021774250526515784
9.400000000000007,0.7055046837175061,-0.2200582270856358,0.7055046837175061,-0.22005822708563583,-0.31981304586433373,2.8244270470028985,0.5693132299898807,556.4387684347115,4933.3193482899405,112.16007610651937,526586143.1067195,1064.0472867651285,214.4775515915821,2.4537127547061908,1.797142932389573,-0.02350210791081342
9.500000000000007,0.7219237500951244,-0.23202811244980048,0.7219237500951244,-0.2320281124498005,-0.34192303869528456,2.8218972098362145,0.5680546830028014,561.8546258709846,4981.335690417045,113.10268505893747,527752814.9495452,1063.0942204163184,214.00341879063433,2.506928582683264,1.7798198216305585,-0.02452210023777216
9.600000000000009,0.759030557831121,-0.2571630347054081,0.7590305578311209,-0.2571630347054081,-0.3889365075274965,2.8264193752413616,0.5693350636837408,568.67874984455,5041.837554671799,114.55085366823484,526565948.81099993,1064.797857206922,214.48577700591403,2.6226675565480218,1.758462049572545,-0.027025641762658044
9.700000000000008,0.7866285986200371,-0.27413050015034834,0.7866285986200371,-0.27413050015034834,-0.4207603731919644,2.8235153635286534,0.5708509508464885,574.0121100483957,5089.12248623587,116.0522669899758,525167659.8864408,1063.703827964099,215.0568576519075,2.676213285273523,1.7421235240414854,-0.028326026164337593
9.800000000000008,0.8094724297861396,-0.287862082790419,0.8094724297861396,-0.287862082790419,-0.44672507158216146,2.82252279683927,0.5724563028540921,579.7258946038712,5139.78021445057,117.57840987691819,523694920.47746956,1063.3298980040765,215.66164241694725,2.74044045475714,1.724953136142562,-0.029441397130790463
9.900000000000007,0.8232334744382956,-0.300471366964197,0.8232334744382956,-0.300471366964197,-0.47317524330589694,2.821511391437454,0.5673366302393276,585.4316098082913,5190.366400767134,117.71591557353581,528420768.2369008,1062.9488709300142,213.73290654796932,2.784816834181826,1.7081414519579248,-0.030438915984050373
10.000000000000007,0.8506065973730809,-0.31528567155249765,0.8506065973730808,-0.3152856715524976,-0.5009781223640053,2.817130471854225,0.570218094635384,590.4268875624074,5234.653933901796,119.50887550683431,525750516.8994981,1061.2984457221771,214.81844153312235,2.831805715991933,1.693689804894431,-0.03143739869902259
10.100000000000009,0.8676105528068386,-0.32426572048097996,0.8676105528068386,-0.32426572048097996,-0.5177860251260948,2.814417582702001,0.5720664907352794,595.7568911203272,5281.909105845886,121.09523339012331,524051771.6999567,1060.2764181414748,215.51478837523604,2.8475374754585276,1.67853702559695,-0.03164352146590273
10.200000000000008,0.8540847754692252,-0.32271468144044296,0.8540847754692252,-0.32271468144044296,-0.5187075812809173,2.809447828110375,0.5617523465675105,600.593058987766,5324.785989818455,120.08927763056575,533673708.4087488,1058.4041609363471,211.62913760983054,2.848152770952187,1.6650209073101692,-0.0313006472683685
10.300000000000008,0.8725292666828759,-0.33297276035008305,0.872529266682876,-0.33297276035008305,-0.5384579279532142,2.8058058949196414,0.5629294449269925,605.6950346952918,5370.0194942042945,121.52072611060693,532557784.46423376,1057.032134303798,212.0725862437726,2.878539800933959,1.6509958687428763,-0.03179019811306235
10.40000000000001,0.8525045576873003,-0.32516116428990083,0.8525045576873003,-0.32516116428990083,-0.5256562953300412,2.7999040486050055,0.5552905378220473,610.2891560699612,5410.750423017548,121.03550258084591,539883966.2851843,1054.8087298916867,209.19477837562715,2.840818181631609,1.6385675381152665,-0.030538676075734086
10.500000000000009,0.8455817186549632,-0.3244457466549459,0.8455817186549632,-0.3244457466549459,-0.5264372578501889,2.7946869880840226,0.5493549229470411,615.0092352483496,5452.598078603638,120.89309195703673,545717250.319245,1052.8433050462718,206.9586523231823,2.8423731101169687,1.6259918431894533,-0.03017833276640165
10.600000000000009,0.8219682495570919,-0.31254230732037547,0.821968249557092,-0.31254230732037547,-0.5042928362319037,2.7890641595505863,0.5437277499720042,619.6173008779829,5493.452635508092,120.79432439603634,551365013.1254766,1050.7250150903328,204.8387256843974,2.790717773875651,1.61389941595082,-0.028512835636892803
10.700000000000008,0.8003115851466277,-0.3048934721276356,0.8003115851466276,-0.3048934721276356,-0.4925330171970782,2.784666839648297,0.5340896346465052,624.4766243027767,5536.534813873503,119.77249391933621,561314877.7890474,1049.068411385155,201.20775547664886,2.782698348431446,1.601340964710236,-0.02772129294802441
10.800000000000008,0.795372990131806,-0.30358865521898576,0.7953729901318061,-0.30358865521898576,-0.49100021966828994,2.7823343033251913,0.5310127356853844,629.7848818951867,5583.597188696898,120.19540305734903,564567359.4119252,1048.1896742449924,200.048594366538,2.7700113559059854,1.5878437681621376,-0.02711755804401373
10.90000000000001,0.7444805139623029,-0.27431683546722757,0.7444805139623029,-0.27431683546722757,-0.4343668981637278,2.772731318303062,0.5220865957852521,633.4224492435751,5615.847424299628,119.26917261566014,574219794.9922324,1044.5719386874443,196.68584688396442,2.6561889218022507,1.578725227049005,-0.024046132383868338
11.000000000000009,0.7395406621449133,-0.2756057534511011,0.7395406621449132,-0.27560575345110117,-0.43933245284780525,2.773827284254138,0.5159995570469926,639.4863316003571,5669.609077608974,118.96006132628342,580993634.4048016,1044.9848222837356,194.39267487205066,2.6956729788296783,1.5637550805776153,-0.02418676367946192
11.100000000000009,0.7225013020614585,-0.2670367534456366,0.7225013020614585,-0.2670367534456366,-0.42359916408219644,2.771232172446758,0.5110401878560785,644.6961200157325,5715.798436525083,118.88777474463112,586631864.0373327,1044.007164999075,192.5243301621888,2.655586421784495,1.5511183780283913,-0.023025808934994813
11.20000000000001,0.6939936144738573,-0.25002383903880915,0.6939936144738573,-0.25002383903880915,-0.3908260367254616,2.7670726180127576,0.5059279329667176,649.5278016461752,5758.635546058793,118.7588124547552,592559608.72143,1042.440134753296,190.5983887752273,2.600378950166046,1.5395799802034362,-0.021286885722357683
11.30000000000001,0.6833325041871865,-0.24469603272761764,0.6833325041871864,-0.24469603272761764,-0.3812012080346245,2.766021593403484,0.5025764470947199,655.0782423474477,5807.84508726339,119.02542496168044,596511157.1245171,1042.0441819227892,189.33578245210953,2.590466906937522,1.5265352065679032,-0.02060176593148664
11.40000000000001,0.6677162498557488,-0.23567362428842348,0.6677162498557488,-0.23567362428842345,-0.36423051635968007,2.7656707093652306,0.49938096944194477,660.7915594981998,5858.4986715239,119.31526355030286,600328158.9505029,1041.9119932690694,188.13194915432192,2.5687429704706295,1.5133365213674832,-0.019613970529014202
11.500000000000009,0.6571362502684044,-0.2295884734909126,0.6571362502684044,-0.2295884734909126,-0.3528749692298899,2.765150842728018,0.4970308974696265,666.4626772978571,5908.778121401526,119.79546920505781,603166643.2132025,1041.7161437478744,187.24660580353452,2.545340045034576,1.5004591165621681,-0.018800466226731594
11.600000000000009,0.6360453787340835,-0.21296641791044685,0.6360453787340835,-0.21296641791044685,-0.32016790831146325,2.7601780730694445,0.4975233512643909,671.0490350005632,5949.440218430794,120.95689333005433,602569622.587797,1039.8427506756307,187.4321280760012,2.485644699322599,1.4902040653395183,-0.017126095109885373
11.70000000000001,0.635650224215245,-0.21034767452527095,0.635650224215245,-0.21034767452527098,-0.3143821888032661,2.7635613614979126,0.5013082771750313,677.6635697153498,6008.083889467926,122.92774149011431,598020163.7391431,1041.1173379858164,188.85802440074343,2.4727051352291896,1.4756584899791005,-0.01649246282002438
11.80000000000001,0.6136552872606159,-0.19554500639035916,0.6136552872606159,-0.19554500639035916,-0.28699898701149373,2.7596220522577024,0.49830700507519615,682.4813366017025,6050.797632550303,123.23616220687926,601622001.9920456,1039.6332807809324,187.72735422179076,2.4190681691972236,1.4652415331667918,-0.015128364717041569
11.90000000000001,0.6006853456964292,-0.18072397377166757,0.6006853456964292,-0.18072397377166757,-0.25849578060744915,2.7571660429480294,0.5047532351413888,687.6525343710149,6096.644851429294,125.88826206702538,593938655.8186669,1038.708027623836,190.15584449526924,2.367407826030544,1.4542228087833406,-0.013641326284236916
12.00000000000001,0.5854865871706332,-0.166138962181178,0.5854865871706332,-0.166138962181178,-0.23196061731832818,2.755528332349848,0.5086055253167574,693.0192405842704,6144.225424711271,127.91500300466964,589440033.7339838,1038.0910523968248,191.60711898057858,2.297778184088475,1.4429613803462662,-0.012176704938520777
12.10000000000001,0.5579667012465744,-0.1410936277492803,0.5579667012465744,-0.1410936277492803,-0.18884775977906632,2.7494198387933517,0.5127770957740457,697.2453037692196,6181.693193781449,130.03886014941392,584644791.0226141,1035.7897977045113,193.17867602657745,2.2085486546802557,1.4342154684931214,-0.010137034158482543
12.20000000000001,0.5520542274655875,-0.13178096212896315,0.5520542274655875,-0.13178096212896315,-0.17310222477393647,2.7498477712888425,0.5194361320337857,703.1170810348395,6233.751666405164,132.81623104847137,577149796.6962771,1035.951012847678,195.68733684405746,2.172368055737283,1.42223824022055,-0.009213338627850594
12.30000000000001,0.5256209831509471,-0.10689713039100499,0.5256209831509471,-0.10689713039100499,-0.13418718423081505,2.742455404459379,0.5237906504019068,706.9746654053636,6267.952546524105,135.0274353443295,572351678.6142861,1033.1660841747953,197.3278159138514,2.0706306704663167,1.4144778433136953,-0.007292182924169129
12.40000000000001,0.5122428648828117,-0.0900878501574646,0.5122428648828117,-0.09008785015746461,-0.1093125909822868,2.73958570383928,0.5319189587527101,711.9766353905927,6312.299412176749,138.23764302116518,563605513.7101703,1032.0849809606464,200.3899960667572,2.021860992204803,1.404540472667894,-0.006021174545207304
12.50000000000001,0.5024488414753604,-0.07641868372055304,0.5024488414753604,-0.07641868372055304,-0.09012619976204157,2.737465117629036,0.5397295806566049,717.1628299436493,6358.279590740802,141.3986943524019,555449374.5465816,1031.28609185294,203.33249410493684,1.961880251747583,1.394383476453422,-0.004948995950493182
12.60000000000001,0.48710550368285993,-0.05825320512820331,0.48710550368285993,-0.05825320512820332,-0.06616603646697727,2.7313343871788476,0.546693455773574,721.2811509104341,6394.7921302338,144.36887948489257,548373965.0327296,1028.9764598486956,205.95599696065585,1.9052352362271063,1.386421922627195,-0.0037045434681651393
12.70000000000001,0.4832209874294033,-0.04780625884572886,0.4832209874294033,-0.04780625884572886,-0.05305513591577871,2.729858072540533,0.5567306136855719,726.6126504000241,6442.060564928566,148.1862778281485,538487467.0630481,1028.420287372236,209.73729860710037,1.8740075991106773,1.3762490915200378,-0.0029597989857346905
12.800000000000011,0.47583465233555444,-0.03630286069651704,0.4758346523355545,-0.03630286069651704,-0.03930127337068609,2.725419994209233,0.5636046529576011,731.1434147316489,6482.2297778010325,151.1971847999993,531919771.11401314,1026.7483287313212,212.32695757679517,1.8410531290716858,1.367720723255135,-0.0022047271392377074
12.900000000000011,0.47173896811767213,-0.02506515407021147,0.4717389681176721,-0.02506515407021147,-0.026471688164678632,2.720450359677155,0.5737661539926937,735.5118623496882,6520.959910168854,155.12571695168356,522499376.9915148,1024.8761167562648,216.1551030469799,1.8136685853280206,1.3595973786274094,-0.0014893723740925931
13.00000000000001,0.47282957592235997,-0.020040992940104262,0.47282957592236,-0.020040992940104262,-0.020928032527940003,2.716763149215043,0.5813835815817672,740.2088878735364,6562.603174820229,158.40368508933634,515653464.42078096,1023.4870328030765,219.024818930378,1.8110939130452821,1.3509699983105965,-0.0011702837937800639
13.10000000000001,0.4690751827160954,-0.011873049699367328,0.4690751827160954,-0.011873049699367328,-0.012181380083203243,2.70934806540952,0.5870159874639828,743.8669488866085,6595.035104794805,161.16858410234966,510705780.4254338,1020.6935459566823,221.14671696392466,1.8101581743288666,1.344326430279987,-0.0006898087158135546
13.20000000000001,0.4738288855801174,-0.009908478935027694,0.47382888558011743,-0.009908478935027694,-0.010120105656766184,2.703973933892404,0.5941423694448708,748.0585607662865,6632.197432726605,164.37040320777257,504580170.3724769,1018.6689477056585,223.8314410814274,1.8228012171762322,1.3367937384148547,-0.0005677651793076957
13.300000000000011,0.46844030091145167,-0.003290984233889706,0.4684403009114517,-0.003290984233889706,-0.003314268321040625,2.6944722903983522,0.5951728435711294,751.0771127702124,6658.959552567171,165.90287550611748,503706547.16233146,1015.0893905737498,224.2196519220263,1.8291372030509372,1.3314212122796294,-0.000189378863922187
13.400000000000011,0.47699383611995944,-0.009535622916504692,0.47699383611995944,-0.009535622916504692,-0.009730138922080135,2.6885108330411605,0.5949091185884436,755.0500741495935,6694.183351401398,167.07620017077193,503929841.77369034,1012.8435288748906,224.12029872663157,1.8864258866420922,1.3244154715517267,-0.0005516812547371313
13.50000000000001,0.47917251708321784,-0.011244790437997969,0.47917251708321784,-0.011244790437997969,-0.011515014459346377,2.679759358916816,0.5930630840831896,758.2086421759228,6722.186836494671,167.80072218467387,505498430.1770295,1009.5465832847805,223.4248415688074,1.9222838170621723,1.3188981823395989,-0.0006549873711187402
13.600000000000012,0.48817307870413235,-0.020011206275514486,0.48817307870413235,-0.020011206275514486,-0.02086656934582143,2.67556903799665,0.5900731031713988,762.6306146875734,6761.391514146263,168.19144151823272,508059859.6830453,1007.9679623710242,222.29842512266606,1.9940247125290949,1.3112507952617003,-0.0011777893429446688
13.700000000000012,0.4957001102535862,-0.030157697935297437,0.4957001102535862,-0.030157697935297437,-0.032111304568531174,2.671175145087322,0.5833929171084205,766.9765708911493,6799.922240332424,167.51005633940693,513877438.7010344,1006.312649717979,219.78179653318242,2.0560171243291134,1.3038207918634346,-0.0017893771907776812
13.800000000000011,0.5021793948126795,-0.03989294973655605,0.5021793948126795,-0.03989294973655605,-0.04333550673911174,2.6651460758858185,0.5757471978304189,770.8311727568712,6834.09667792169,166.52141198962104,520701549.4468826,1004.0413165878184,216.9014223129461,2.1405039827756904,1.2973009335150634,-0.0024176578231753206
13.900000000000011,0.5221008373162771,-0.05886830753616042,0.5221008373162771,-0.05886830753616042,-0.06634938325814595,2.666258371963441,0.5715982558275842,776.7409427202042,6886.491989244205,166.51940890551845,524481058.05702263,1004.4603522378026,215.33839009168665,2.2469539974561634,1.2874305254180707,-0.0035821111719298872
14.00000000000001,0.5209829800785558,-0.0629914456061545,0.5209829800785558,-0.0629914456061545,-0.07165519137631181,2.659545883746651,0.5632269682408275,780.3594401543513,6918.573153275661,165.2611012663068,532276462.0741903,1001.931554447788,212.18467229505563,2.2934944812844447,1.2814607583938562,-0.0038878328625837535
14.100000000000012,0.5385649206709365,-0.08192813631146822,0.5385649206709365,-0.08192813631146821,-0.09662738908604672,2.661908230381415,0.5566270178246119,786.6315430087317,6974.180864530254,164.49115897920484,538587686.9068218,1002.8215220360063,209.69827090592764,2.4204011239918417,1.2712432000567513,-0.005129783809817904
14.200000000000012,0.5477215893303725,-0.09561717352415314,0.5477215893303725,-0.09561717352415315,-0.11583959018965798,2.659779574637105,0.5471504232445871,791.5769809008557,7018.026523429279,162.83743369586128,547915975.6877074,1002.0195928902017,206.12815045925208,2.491601827845435,1.2633010106761164,-0.00602290140367313
14.300000000000011,0.5577576251613328,-0.10900036886757666,0.5577576251613328,-0.10900036886757665,-0.1354758859687206,2.6578509493813756,0.5390607100573006,796.5734464331231,7062.3245872624975,161.55964191557663,556138580.3245295,1001.293021293062,203.0805102743961,2.6128078078732084,1.255377020760327,-0.007029143689886635
14.400000000000013,0.5654492594058095,-0.11598831903632413,0.5654492594058095,-0.11598831903632413,-0.14592037529423313,2.6602794758311137,0.538094861087023,802.8768234846058,7118.209571795697,162.39793477637085,557136816.7210879,1002.2079208237202,202.7166456890674,2.633162072092907,1.2455210696702517,-0.007350560665744218
14.500000000000012,0.5687516715699354,-0.12832402763319595,0.5687516715699354,-0.12832402763319595,-0.1657128162224301,2.656609342529847,0.5240153803247257,807.3370125426698,7157.753072761805,159.2469788105557,572106219.1232296,1000.8252703546904,197.41247848811904,2.744699122934394,1.238640102539765,-0.008375066660566293
14.600000000000012,0.5798316503973528,-0.1387075409215649,0.5798316503973528,-0.1387075409215649,-0.1823228897433994,2.658725849548621,0.5218512940081989,813.5524911305677,7212.858760064678,159.68303776493468,574478709.6288966,1001.6226227073154,196.5972015717372,2.803102681904706,1.2291769872283622,-0.008989040118721809
14.700000000000012,0.5726366254390509,-0.13879343260786708,0.5726366254390509,-0.1387934326078671,-0.1831956895831664,2.6565927560940774,0.5138692360236404,818.4675853722631,7256.43539580024,158.31757119737642,583402229.5629468,1000.8190217415437,193.59011836515063,2.8132244596731035,1.2217954844786805,-0.009012724426669233
14.800000000000011,0.5737883104691933,-0.14197411628356107,0.5737883104691933,-0.14197411628356107,-0.18865310452875292,2.657103196046742,0.5108643209716413,824.1937229244779,7307.202644201671,158.4624817121689,586833814.1716534,1001.011319944914,192.45807577568732,2.8686722637085933,1.2133069837655528,-0.009264869320876199
14.900000000000013,0.5720519686601213,-0.142829717796122,0.5720519686601213,-0.142829717796122,-0.19035830757602085,2.6601136806630135,0.5084841335287861,830.7027163010289,7364.910598398967,158.78988705966046,589580752.3422524,1002.1454607580714,191.56138701424456,2.868741248013496,1.2038000844066357,-0.009201273853341197
15.000000000000012,0.5596923728675453,-0.13555036950602717,0.5596923728675453,-0.13555036950602717,-0.17887053710932743,2.654195807185284,0.5042985850465405,834.4174604661462,7397.845074397596,158.53975185706042,594474120.866972,999.9160184277839,189.98456402252194,2.866464765951905,1.1984408852630568,-0.00878713662038292
15.100000000000012,0.5606090437750205,-0.13333975161259223,0.5606090437750205,-0.13333975161259226,-0.1749516569992982,2.6576065457728357,0.5088978209175445,841.0596488388952,7456.7339194477845,161.05221566246635,589101477.108849,1001.2009470450058,191.7172355938864,2.8702856063231095,1.1889763126557387,-0.008501441346550257
15.200000000000014,0.5370876439586179,-0.11434631700732666,0.5370876439586177,-0.11434631700732664,-0.14527558599419002,2.650736362052339,0.5084476975131906,844.4409565548839,7486.712187900815,161.97539151488402,589623002.4568505,998.6127405784484,191.547660462668,2.792048503370098,1.1842154175938595,-0.007252973403046555
15.300000000000013,0.5296224274833868,-0.10613230323514906,0.5296224274833868,-0.10613230323514906,-0.13273048143350288,2.647717764408073,0.5110310068499667,849.0285326983582,7527.38508747972,163.8693941407273,586642403.262266,997.4755433417114,192.5208713988784,2.781902803624983,1.1778167181517782,-0.006698939493418227
15.400000000000013,0.511138393938903,-0.08881610634813424,0.511138393938903,-0.08881610634813424,-0.10749449718524502,2.6422753483313532,0.5135548329045055,852.8211438555912,7561.00992288641,165.755026366489,583759393.9180119,995.4252202271437,193.47167317952585,2.7108128084542624,1.1725788076489467,-0.005555610859257989
15.500000000000012,0.5011008580216904,-0.07640557424314988,0.5011008580216904,-0.07640557424314987,-0.09015145746437642,2.634687651904428,0.5180098194992815,855.8940349444272,7588.253806533098,168.27858673554715,578738948.0179842,992.5667049737813,195.15000167584034,2.669088986817844,1.1683689325687725,-0.0047375222360930645
15.600000000000012,0.48211127516996405,-0.055316709658928154,0.4821112751699641,-0.05531670965892815,-0.06248629103311046,2.6263457226040887,0.524153426623156,858.6885229484445,7613.0294018381555,171.3729185886211,571955543.4968815,989.4240473335949,197.4644847133988,2.5786934001268844,1.1645666307106795,-0.0033877356710178288
15.700000000000014,0.4613432691998798,-0.036430223592901684,0.4613432691998798,-0.036430223592901684,-0.03955359484438442,2.616213372049337,0.5246598594230094,860.8589102311657,7632.271795040288,172.63810347056474,571403458.0989184,985.6068837330064,197.65527330083452,2.509015914231386,1.1616305391222248,-0.0022363111094749265
15.800000000000013,0.45837442804248785,-0.0302245250431757,0.4583744280424878,-0.0302245250431757,-0.03235817474783772,2.610483694780862,0.5286017789572272,864.4447425416163,7664.063354004866,175.04305030952477,567142355.4256678,983.4483406196235,199.1403138825984,2.491946749369894,1.1568119404137134,-0.0018354870686872063
15.900000000000013,0.43280007819627325,-0.0020017157563628606,0.4328000781962732,-0.0020017157563628606,-0.0020110167805045907,2.5944603465547416,0.5346493989942864,864.5763015144693,7665.229740071103,178.1662227380899,560727195.3619156,977.4118596197025,201.41863567485277,2.3500020845201517,1.1566359131615225,-0.00012000197571940105
16.000000000000014,0.4223999740928409,0.008164441456156373,0.4223999740928409,0.008164441456156373,0.008009625819090753,2.5872369149345036,0.5350133774026805,867.5916174040176,7691.963168909932,179.40881979311445,560345723.4198458,974.6905739611461,201.55575737474012,2.322056208811627,1.152616023414531,0.0004901331197865459
16.100000000000016,0.4138248393511605,0.018527315914488827,0.4138248393511605,0.018527315914488827,0.01773337645838883,2.5775066828440947,0.5371172591771474,869.730782596045,7710.928750802624,181.24003994997184,558150856.0333285,971.0249005756781,202.3483534151199,2.2553305835756943,1.149781081698772,0.0010933633858744365
16.200000000000014,0.408922600114179,0.021958971395554285,0.408922600114179,0.021958971395554285,0.02083987868740889,2.567754844487779,0.5340637709023803,871.8218257627489,7729.4676885934405,181.32901309538067,561342061.2550744,967.3510874548823,201.19801182021743,2.25933501120989,1.1470233601058442,0.0013054917282615504
16.30000000000001,0.40821320817968776,0.02816768723504177,0.4082132081796877,0.02816768723504177,0.026349508179753196,2.559594023881257,0.5398435209286536,874.4155200865162,7752.463071224643,184.42282202330364,555332140.4770938,964.2766589496882,203.37541885934158,2.2084446218979004,1.1436210554692103,0.0016279594644135235
16.400000000000013,0.38673296343250113,0.044373856964100025,0.3867329634325011,0.044373856964100025,0.03980645257912887,2.546933264402574,0.5340284761324685,875.4282941643709,7761.442204666013,183.55551141835912,561379161.2221723,959.5069670626297,201.184715210485,2.143073091808014,1.1422980119171697,0.0026044113828239935
16.500000000000014,0.40593457786179654,0.02567491032659978,0.4059345778617965,0.02567491032659978,0.024147601408888497,2.548262139038193,0.5315399225415788,881.2258155906391,7812.842333928736,183.81417460351295,564007415.5983068,960.0075944206568,200.24720163612463,2.2076368379405547,1.1347829152392146,0.00146880797744863
16.600000000000016,0.405446396619011,0.026003391746746193,0.40544639661901105,0.026003391746746193,0.02443617256952521,2.5382940200656074,0.5293402613639178,883.0985671099022,7829.445924168341,184.16291518189624,566351135.3312587,956.2523018354981,199.4185225911564,2.197190166349091,1.1323764268723464,0.0014758520655116837
16.700000000000014,0.4134213232773395,0.016810668670172835,0.41342132327733955,0.016810668670172835,0.016153817049587616,2.5388782200740447,0.526338699286264,888.622911573584,7878.424099262008,184.22176524085995,569580877.1168268,956.4723876878006,198.28774316876923,2.2408066057698286,1.1253367282970321,0.0009453670797120733
16.800000000000015,0.42900942569817074,-0.0002773412221535382,0.42900942569817074,-0.0002773412221535382,-0.0002775206305913266,2.5390134086464546,0.52127461024539,893.9916070142816,7926.022308795779,183.5418138880376,575114252.8481728,956.5233173210609,196.37994731700638,2.2886188486383925,1.1185787340216327,-1.526153839379468e-05
16.900000000000013,0.4350999738059903,-0.008858634837748201,0.43509997380599036,-0.008858634837748201,-0.00904274511522275,2.5359655332027735,0.5160933884409177,898.2334348240893,7963.629845138197,182.79914727540643,580888003.4399438,955.3750902497728,194.42802400249653,2.3425757015680495,1.1132963450596123,-0.0004887911005204372
17.000000000000014,0.45886807209641517,-0.03337931034483012,0.45886807209641517,-0.03337931034483012,-0.035997895039076355,2.544300988878336,0.5115677589599199,906.5182955208589,8037.082425892473,182.26834597121155,586026880.6023173,958.5153090792677,192.7230821895119,2.441460252036558,1.1031216964302184,-0.0018055069828170473
17.100000000000016,0.4664766922952888,-0.04351410773177396,0.46647669229528876,-0.04351410773177396,-0.04799081002364794,2.5437849175382876,0.5063676398579053,911.6658015338654,8082.719596503067,181.47684463378798,592045056.5998381,958.3208893615631,190.76403969017542,2.4760848098440924,1.0968931798445367,-0.0023311512116863625
17.200000000000014,0.48478206187789796,-0.06339449541284534,0.484782061877898,-0.06339449541284534,-0.07293170620993365,2.5503647453647256,0.5011912952149912,919.369111986202,8151.01622257623,180.6721163529592,598159746.3128344,960.7997099611365,188.8139537502682,2.5818511010510097,1.0877024113194353,-0.0033814004380651416
17.300000000000015,0.5026033690658513,-0.08234537266795526,0.5026033690658513,-0.08234537266795526,-0.09848012907459952,2.5565353340861585,0.49640381186189736,926.9516206361342,8218.24183436549,179.98668422856736,603928597.7187544,963.1243577844008,187.01036364596786,2.6849253353918723,1.078804953503113,-0.0043744583504233756
17.400000000000013,0.5202128619103474,-0.10076448374320929,0.5202128619103474,-0.10076448374320927,-0.12497123173065679,2.5644368434198688,0.49220996931112004,935.1912214760375,8291.293146659973,179.4976716248121,609074331.4678878,966.1010958725045,185.43041602720743,2.7915344590336337,1.069300028738158,-0.00533394333986598
17.500000000000014,0.5296511312462744,-0.1121443697633778,0.5296511312462744,-0.1121443697633778,-0.14226689909669113,2.5690841105515863,0.48797229131234693,942.2703752130743,8354.056074194092,178.9750020795343,614363691.0074171,967.8518622757734,183.83395426638285,2.851193643618048,1.061266517875903,-0.005900239113124427
17.600000000000016,0.5370970037719728,-0.12173179645768899,0.5370970037719727,-0.12173179645768897,-0.1574079436358126,2.5736904369681746,0.4839674527707779,949.3539071041347,8416.857817916407,178.52045669502377,619447560.5407934,969.5872050705984,182.32521018725686,2.9557059781859487,1.0533479585609478,-0.006481659960816103
17.700000000000014,0.5602230945487482,-0.14357041921808797,0.5602230945487482,-0.14357041921808797,-0.19304199709311118,2.5862224998504617,0.4813921153620713,959.3969146988719,8505.897918090435,178.57941854014462,622761462.917846,974.3084130485554,181.35500251800698,3.1057290389340957,1.0423214674542416,-0.0076413783510749156
17.800000000000015,0.5574602837632283,-0.14476046489653585,0.5574602837632283,-0.14476046489653585,-0.19553730374906297,2.587001622852033,0.4771606612442412,965.1078962002939,8556.530794764263,178.00975378410513,628284102.9230344,974.601932301162,179.760885481801,3.120403780825665,1.0361535782030995,-0.007684598306194674
17.900000000000016,0.5607157043919774,-0.1500870911554083,0.5607157043919774,-0.1500870911554083,-0.2049447757038404,2.5907319390221955,0.47418875974627506,971.9293021323513,8617.008561189172,177.89488113276155,632221772.1069778,976.0072554812559,178.641280098897,3.2330351230198278,1.02888141946751,-0.008113754302141351
18.000000000000014,0.5676042077806183,-0.1580278128950694,0.5676042077806183,-0.15802781289506942,-0.21900005143283333,2.598595512562591,0.47222986766026814,980.325624432652,8691.449347144962,178.14971112348152,634844338.595874,978.9697020060528,177.90330606929936,3.3121812610873764,1.020069225038093,-0.008537705862700593
